week_start,week_end,week_number,year_number,partner_count,Promo,Natural Search Visits,competitor_change_flag,channel 0_spend,channel 0_clicks,channel 0_impressions,Channel 14_spend,Channel 14_clicks,Channel 14_impressions,Channel 1_spend,Channel 1_clicks,Channel 1_impressions,Channel 2_spend,Channel 2_clicks,Channel 2_impressions,Channel 3_spend,Channel 3_clicks,Channel 3_impressions,Channel 15_spend,Channel 15_clicks,Channel 15_impressions,Channel 4_spend,Channel 4_clicks,Channel 4_impressions,Channel 5_spend,Channel 5_clicks,Channel 5_impressions,Channel 6_spend,Channel 6_clicks,Channel 6_impressions,Channel 7_spend,Channel 7_clicks,Channel 7_impressions,Channel 8_spend,Channel 8_clicks,Channel 8_impressions,Channel 9_spend,Channel 9_clicks,Channel 9_impressions,Channel 10_spend,Channel 10_clicks,Channel 10_impressions,Channel 11_spend,Channel 11_clicks,Channel 11_impressions,Channel 12_spend,Channel 12_clicks,Channel 12_impressions,Channel 13_spend,Channel 13_clicks,Channel 13_impressions,Subscriptions
6/27/2022,7/3/2022,27,2022,13,0,29985.60969,0,1111.1445725831536,914.1986874,2463.196081,1774.2431647794979,231.5270945,16641.69091,,,,1347.275933264341,986.091265,151447.1091,5974.220364,745.7805478,6154.629644,32926.60248581483,755.6803947,28081.25083,,,,,,,27807.466801712184,324.5662157,297677.3063,12234.01538468109,840.8177567,724142.9718,,,,,,,,,,,,,,,,,,,200.1644418
7/4/2022,7/10/2022,28,2022,15,0,23840.52883,0,1404.4641794588176,2159.410668,7165.857932,5817.086991,858.8182821,44099.09755,,,,2616.228620745186,1158.213683,155568.5615,13241.295716888475,2217.409593,12521.9371,20186.001519754464,787.8586662,42831.406,,,,,,,23518.13799976556,532.231527,602453.6637,43305.79890609594,837.8429574,739442.2127,,,,,,,,,,,,,,,,,,,270.8961784
7/11/2022,7/17/2022,29,2022,12,1,13563.3426,0,2744.381149415053,2842.643411,8888.290102,3005.0000613978805,620.1831642,-7078.667748,,,,1700.2801672657527,218.8691277,21675.68302,4848.624945017942,3676.975019,13385.37218,17109.51139038549,421.1813716,35623.00565,,,,,,,18190.32594969837,488.0149739,186448.127,12882.54105172561,207.8485772,260392.8297,,,,,,,,,,,,,,,,,,,232.5381143
7/18/2022,7/24/2022,30,2022,12,1,19861.3717,0,3493.213502519905,2637.664279,8121.417707,2103.6369014942693,-31.02657578,4298.375425,,,,740.9969526129195,135.8767076,49208.31613,4264.055468800954,2583.516648,9246.030552,24322.956580439706,946.6293279,38551.37514,,,,21567.540181215412,2156.494746,62798.99659,4081.1509005110565,99.19537173,218090.3967,18703.338646635017,1263.280345,202374.1016,,,,,,,,,,,,,,,,,,,211.083653
7/25/2022,7/31/2022,31,2022,15,1,18001.94172,0,3507.389674225521,2797.310817,7021.661746,,,,,,,530.0631649329057,167.3244028,-11284.00606,4362.9602912186565,4123.493337,11974.29622,3549.121942,652.7372015,41566.71438,,,,3844.065658048038,2260.353301,13775.04796,10996.84915356548,405.6151245,-32657.88725,21550.924569727005,-121.8246374,154708.4436,,,,,,,,,,,,,5153.713746438508,792.7207144,19118.34153,,,,238.6474655
8/1/2022,8/7/2022,32,2022,14,1,24598.70139,0,2322.107604492561,2196.677827,7965.166513,,,,,,,831.1706909312552,-18.26087478,20382.79843,9016.248605125547,2374.79979,12641.08553,19418.485837419226,960.2575022,38673.6163,,,,5111.9879160692435,1945.30398,16133.26533,,,,,,,,,,,,,,,,,,,5892.745601733433,518.1819667,158607.6206,,,,287.7073395
8/8/2022,8/14/2022,33,2022,19,0,20990.1017,0,4489.6543214938865,2851.978783,11021.64154,3029.197095016653,-31.61297611,-2782.506651,,,,754.2724018797276,223.931947,-37040.82869,6766.262022457576,1947.093604,10204.83023,20375.502467553262,783.4341409,21218.58784,,,,,,,6740.625512065523,187.8826743,85433.67263,30783.53153794102,788.4270121,305144.5937,,,,,,,,,,,,,4440.935424225173,202.902807,196347.3516,,,,243.5644793
8/15/2022,8/21/2022,34,2022,14,1,13537.20941,0,4615.423533876872,3128.02619,8134.82484,1794.4750566844295,54.68032357,5899.165237,,,,701.9171956429461,4.00166228,14774.5498,16404.553625327197,4513.841243,12441.64255,34660.61483782359,1627.322126,30090.03632,,,,11815.336832071944,1277.4087,69851.01736,30826.97422272689,346.3852085,196286.4616,29952.58185240609,1175.880781,875990.0176,,,,,,,,,,,,,14860.852135402572,717.044117,81475.74681,,,,345.3127383
8/22/2022,8/28/2022,35,2022,15,1,15483.03601,0,5122.309364680442,2001.969239,12870.48632,3027.264044518495,8.628123903,-7506.538149,,,,2489.712281332697,1690.86603,220330.0474,24556.739152011713,3472.492476,9856.14324,16841.15292931883,1253.102978,43169.81505,,,,16120.774969683584,10374.90627,74902.99516,23366.27740578443,425.4967177,334913.4621,32855.43932237422,1544.131884,1063963.543,,,,,,,,,,,,,3263.4993063088373,158.4552749,114906.6789,,,,307.2839915
8/29/2022,9/4/2022,36,2022,16,0,18092.52569,0,2125.737918557128,2913.899971,9983.252985,1153.1795312889196,99.69417319,875.9993757,,,,2092.5094095425156,412.676479,132755.3269,5264.985220198271,1158.951352,19015.77758,12453.978229301003,387.262518,33442.3394,,,,18556.191086510382,38543.90239,50189.69196,11372.367802199336,826.9177533,278574.1208,34961.36829561593,1936.597348,706709.2898,,,,,,,,,,,,,10765.373806548396,377.4797025,179385.4298,,,,343.1051549
9/5/2022,9/11/2022,37,2022,10,0,18625.7376,0,4564.762136678466,2391.537787,9620.378829,1494.7384402786884,231.5566405,8214.559035,,,,768.6281134148377,1349.768259,178370.6424,15084.010129906212,2871.402386,23765.54388,14990.349540533054,672.982899,17667.50471,,,,7110.891781373012,1305.338988,84786.97212,23500.023504896242,277.4135472,337308.1265,34436.95197244903,1836.053984,389920.8737,,,,,,,,,,,,,12914.303310413881,262.6902064,38225.58902,,,,264.8124289
9/12/2022,9/18/2022,38,2022,17,0,16098.37731,0,3850.007759,3259.037283,12073.09477,2974.487222103678,-11.43561065,3986.846929,,,,2078.257024564515,606.2226223,115690.7044,11743.197942964169,3780.972596,31105.10978,15649.93219131036,637.0062549,26900.29966,,,,1279.9809311708236,959.1336017,5936.325577,13140.716800976548,1149.94522,201646.3841,18433.18930028138,1167.310047,322257.5527,,,,,,,,,,,,,6466.539619768451,396.094301,116238.6898,,,,316.0890098
9/19/2022,9/25/2022,39,2022,12,0,24803.67365,0,3755.2022782834106,2656.078946,8134.624839,1177.957754681156,31.40751025,7336.464715,,,,4001.5731384199885,743.4425385,75821.86495,15055.499633322244,4242.920639,30208.28326,8337.352229244876,516.087636,22071.73681,,,,,,,13779.171383916626,-209.7762449,25513.22177,22578.20308344532,555.3216675,180441.2516,,,,,,,,,,,,,9495.818937642332,216.6916894,78328.33927,,,,96.76434629
9/26/2022,10/2/2022,40,2022,19,1,21092.20973,0,541.4947121957432,2360.984027,10741.84699,869.8498811,28.90330276,-11253.67899,,,,711.5319159862761,561.417359,67810.01157,8978.801085274883,4155.866866,35636.82578,8314.455211349832,1121.725664,20952.04745,,,,,,,8640.331006956763,365.5080373,252253.9938,24443.540414374278,381.9588377,264502.2656,,,,,,,,,,,,,9069.375167263044,379.8967929,22845.63594,,,,176.6833523
10/3/2022,10/9/2022,41,2022,12,1,22926.78545,0,1641.8563476199001,3286.156717,11841.74232,1525.6930682654827,61.4151191,-6045.456632,,,,4426.765652508596,707.8658296,88966.65972,9752.523816,3255.033103,10072.46813,8357.064577239875,1403.001132,51721.02932,,,,,,,23777.27221009837,248.6426951,312676.999,30044.966713141897,2477.764629,461856.6866,,,,,,,,,,,,,6588.6532851338325,360.9139538,-9278.637659,,,,204.0372102
10/10/2022,10/16/2022,42,2022,14,0,17276.49525,0,1698.5104907800574,2351.284598,11594.81703,424.4450671225888,59.90446359,-5413.464024,,,,1644.759540591102,5188.846357,677757.7205,9035.708467903522,3291.817363,7656.322509,18872.887696042162,1705.972922,20438.14152,,,,,,,11907.499481945684,641.9568153,309092.1747,15125.758076204618,2025.117711,439112.8368,,,,,,,,,,,,,14890.817747678377,187.5035873,85257.71979,,,,298.7984059
10/17/2022,10/23/2022,43,2022,11,0,22840.55355,0,2442.653482486116,3076.739711,12671.69076,1977.2153763788374,171.101286,-2221.621989,,,,441.5961313718424,443.5479996,92302.57872,9098.884413625834,4394.435866,4847.054724,6500.512193137057,1609.002816,17802.72046,,,,,,,27997.62879351217,1152.306557,522517.8258,74909.75089971875,3735.85559,1034230.887,,,,,,,,,,,,,4257.650315734338,39.03752605,-16569.68209,,,,353.7300175
10/24/2022,10/30/2022,44,2022,20,0,25394.82762,0,3518.5063730221386,2652.387848,9240.086767,2172.000712,-195.1689934,19919.18822,,,,,,,11815.271553574463,3977.175583,8021.392286,14286.12302,1425.081944,24472.72927,,,,,,,26369.374091997288,1211.388753,574514.5017,34568.51609206036,3124.706734,770651.4772,,,,,,,,,,,,,9596.816033189698,-44.15216957,149072.5628,,,,265.6974822
10/31/2022,11/6/2022,45,2022,15,1,22335.9431,0,2070.6492901999827,2347.931423,13760.53032,1834.2855970195528,-185.7926346,-3402.873395,,,,,,,5661.165871003384,3318.323288,10082.88409,25085.71135096132,1741.554415,61820.54589,,,,,,,21121.53379906428,690.15975,451735.4658,30676.907025952183,2581.620582,521331.5404,,,,,,,,,,,,,12480.968785837653,229.977571,48088.14072,,,,342.4044772
11/7/2022,11/13/2022,46,2022,16,1,20891.27893,0,1496.3108346412162,2111.95104,9055.131325,2483.0192512861004,-31.2437896,-13349.33493,,,,,,,2985.231990043668,1765.898774,5862.221425,5805.472920082226,1018.60181,34296.63591,,,,,,,14416.729474827865,710.6881966,325661.8602,17551.51609950651,2240.185993,662775.0971,,,,,,,,,,,,,10720.078462852154,10.06245423,-14960.93303,,,,426.9168466
11/14/2022,11/20/2022,47,2022,11,0,18851.75009,0,1455.077317,2509.788147,11482.33003,2389.8138261602066,115.1203566,9498.225734,,,,,,,8640.397030278975,3429.037865,6831.05175,3826.6375912034505,1286.529742,46207.11172,,,,,,,15278.166294737088,1378.880612,473705.4248,101374.54715920248,3986.052903,788665.7066,,,,,,,,,,,,,12231.470109946124,20.11441443,64670.02991,,,,346.7590504
11/21/2022,11/27/2022,48,2022,17,0,19063.69848,0,877.6627481659673,1705.024561,9942.257737,610.3416407321695,-118.5797406,19764.45036,,,,,,,9528.332074017322,2100.408462,5836.778922,6706.041085,1242.155561,106296.1711,,,,,,,20500.93250337935,1268.569768,347251.8835,75677.94215102484,3221.485258,697724.415,,,,,,,,,,,,,14978.618949847929,684.4739826,124141.522,,,,242.0858908
11/28/2022,12/4/2022,49,2022,13,1,23056.56547,0,2331.643712845435,1978.205304,8430.704902,339.0891523068763,-254.7729601,-15782.79637,,,,,,,11618.553052545289,1354.415691,8410.102003,13672.390584795216,965.3661696,83220.27439,,,,,,,38849.36556119569,367.1419725,622369.2487,26767.937761977966,2558.220687,726075.7032,,,,,,,,,,,,,14036.112333937654,273.3169714,330241.8031,,,,518.0371661
12/5/2022,12/11/2022,50,2022,19,0,14472.35234,0,987.7019624261177,2215.14998,11062.21017,2686.2515690777877,61.48419901,29099.80526,,,,,,,10992.722632147053,4770.253219,14308.56294,14538.238490209224,826.6728375,126416.7681,,,,,,,33349.275062796034,1352.288438,463222.7178,27284.128443203226,2792.673016,194373.6568,,,,,,,,,,,,,12311.667769576243,187.1687492,143425.4908,,,,364.4277688
12/12/2022,12/18/2022,51,2022,13,0,20087.95195,0,1845.623379290822,1815.739294,7736.061103,2626.781167224935,59.69171608,8804.190185,,,,,,,7297.498093573906,4229.365585,10158.67058,10858.226049972302,565.7153864,97345.88908,,,,,,,19482.517407917658,998.0045406,289824.7711,66413.04832,2177.655646,440130.404,,,,,,,,,,,,,11945.36353598479,509.2834505,111729.8844,,,,475.8950949
12/19/2022,12/25/2022,52,2022,12,1,21146.94504,0,1488.0648627024682,2988.057948,9799.955041,1548.2956940202623,-79.57416692,18085.75018,,,,,,,10668.946517400367,3444.677146,7932.439493,6159.460691518538,977.4322678,40678.40018,,,,,,,14509.169219025534,663.6898483,439559.0201,66028.32975057507,2077.793529,675632.2143,,,,,,,,,,,,,12034.293799683704,217.8737436,4544.8842,,,,261.0385248
12/26/2022,1/1/2023,1,2023,11,0,19914.38291,0,1865.2006310490783,3462.690358,8369.035731,3114.7194975545167,-7.886740702,24340.50382,,,,,,,10013.52324848643,3615.739364,6769.270581,1999.7972060993397,47.62706412,31255.7927,,,,,,,42665.07619014487,1112.647531,391092.0076,18384.390409083782,3326.025786,663274.8345,,,,,,,,,,,,,9925.989792371907,118.2873839,66278.03035,,,,284.145463
1/2/2023,1/8/2023,2,2023,14,1,30145.94231,0,2226.0476269353685,3146.675142,11325.94495,4029.668503,73.20017852,17145.99414,,,,,,,12385.270707219883,4803.536767,14781.31495,5453.659127,903.511051,221732.2358,,,,869.7446170489563,-297.162297,4163.61643,26095.956810320975,2514.014122,502083.565,22482.341745512884,3523.488873,493949.5257,,,,,,,,,,,,,6489.642385164365,104.3278109,51418.27295,,,,561.2364553
1/9/2023,1/15/2023,3,2023,16,0,23126.64232,0,1706.2697867893623,3494.504823,14745.61867,2663.6264065817977,30.26030753,-971.2831519,,,,,,,16327.408884721774,5377.455759,14687.70412,15533.85124044985,689.9795462,187965.8076,,,,,,,35855.52821711661,766.668424,361107.8239,27911.814793889647,3173.214038,344298.6209,,,,,,,,,,,,,14055.78741751309,310.8048747,90296.51885,,,,553.6673889
1/16/2023,1/22/2023,4,2023,11,0,17542.84431,0,2864.746645862847,2801.261816,12854.53438,,,,,,,,,,17465.967546418535,6587.235068,28524.64038,6403.780000049881,446.8431411,109644.2043,,,,2637.507628833639,101.6233273,36458.64556,13993.448606758564,855.9076186,504447.9797,20952.35247307766,1444.772105,344625.1041,,,,,,,,,,,,,2864.341431210126,333.9797114,173396.1002,,,,624.5617309
1/23/2023,1/29/2023,5,2023,17,1,14930.43544,0,1403.4225737637412,3323.066785,11466.61969,,,,,,,,,,34207.00572113765,7849.496155,35073.95923,14822.096837412393,788.7544274,134904.7416,,,,5474.295511875605,165.7395006,39370.89883,15138.414865081975,1143.594284,382934.0666,23870.71291,2201.010355,314782.7532,,,,,,,,,,,,,15013.43348523688,199.673516,96260.77919,,,,387.0091063
1/30/2023,2/5/2023,6,2023,14,1,17292.09135,0,2615.6970686130944,3834.825125,56963.60872,1338.4293242173912,-107.9204955,88067.82437,,,,348.5951958467035,397.1251997,7799.248211,15281.514755418972,9729.014503,42461.02225,11766.994242855284,467.5265619,41196.28349,,,,4525.479169283259,1015.077575,41171.43391,19449.71743232087,1176.258114,638505.314,24333.136382706485,2562.639256,432997.9115,,,,,,,,,,,,,15448.038097362098,641.0840551,135254.7279,,,,565.2502114
2/6/2023,2/12/2023,7,2023,15,0,14561.02644,0,2956.4834968553696,4082.983415,35012.40529,2640.068461343481,-38.77586522,30561.15525,,,,168.46485236509835,301.4968942,16285.37213,19955.221034055485,7855.57442,35536.20293,2321.695733678481,315.5278732,19916.78164,,,,6260.397682732958,-101.8539641,72422.61453,16389.68986179161,1456.422879,261914.2607,47026.40221863489,1367.74101,496040.7923,,,,,,,,,,,,,3261.5595839072707,162.4452771,11838.46514,,,,360.3972698
2/13/2023,2/19/2023,8,2023,15,1,17466.38753,0,2711.241176810652,2988.503883,7149.460534,,,,,,,,,,15286.973302102735,7025.404469,32382.87403,9617.032130188598,1902.249929,82398.82209,,,,6595.967484744811,1466.051449,34125.86492,13658.46591849342,664.7981997,145805.2261,24305.940008199683,3339.964732,562211.7839,,,,,,,,,,,,,11011.71039070791,0.070221104,97654.69254,,,,421.3324903
2/20/2023,2/26/2023,9,2023,14,0,15445.81282,0,663.7564773986502,3836.638253,13210.69933,,,,,,,,,,20814.907940699995,4718.223455,19896.16495,8852.930909928606,139.4121075,10634.7257,,,,3220.9559596095405,-213.6170277,1739.714117,13003.906991744814,909.6633741,178820.3153,44873.69399047604,3099.576818,530848.0273,,,,,,,,,,,,,7113.686317130605,142.5782083,10567.25779,,,,484.2943311
2/27/2023,3/5/2023,10,2023,16,0,12708.17471,0,1923.6105863134655,2650.910603,9401.46525,,,,,,,,,,23729.997686503542,8970.190669,21222.34786,13223.323662203537,389.3487465,8993.569715,,,,3754.9747006490843,291.3418146,7924.605685,8311.15585,672.2023305,142115.5776,50994.06094091988,3954.772426,883582.8818,,,,,,,,,,,,,8541.148180316786,48.95179389,-41246.62295,,,,366.1247797
3/6/2023,3/12/2023,11,2023,12,1,,0,994.2326818088934,3962.886857,14190.946,,,,,,,,,,23813.897884730784,8256.51215,25709.00558,10826.513227103173,136.9406013,4200.055682,,,,2680.857480101243,140.1609315,19443.97498,14720.29322368324,554.9033774,110965.6167,37279.28513772259,1782.086134,739288.2164,,,,,,,,,,,,,6003.549427920045,-47.12096907,5704.595702,,,,363.7904844
3/13/2023,3/19/2023,12,2023,13,0,,0,2526.0764992853333,2333.498304,10080.14358,,,,,,,,,,10515.311664065128,8496.860706,16305.08398,5181.909150371472,-29.13856642,3569.541648,,,,1158.3833545239213,541.9561876,15390.25871,10837.339694806426,884.5598588,44858.4603,34865.55232822732,1887.520675,736649.2551,,,,,,,,,,,,,8000.441179,21.16676331,39656.27598,,,,535.5575999
3/20/2023,3/26/2023,13,2023,19,0,,0,1498.4501684106006,3837.828415,9639.918026,,,,,,,,,,23486.254783117718,8511.714096,19727.39652,8743.074984820545,155.8642587,9414.157181,,,,2006.804106,576.7550885,16511.0371,15971.089560082244,692.0426265,186967.826,38420.70070711318,3124.904665,619041.2269,,,,,,,,,,,,,6696.1426378618135,188.1596913,-38394.42206,,,,490.4860667
3/27/2023,4/2/2023,14,2023,20,1,,0,2081.7957156865473,3767.519785,11884.08561,,,,,,,,,,18443.428311189975,6579.695954,20422.17619,6650.692149148124,5.524720291,6175.127259,,,,5502.605053093565,411.5305046,16541.5821,16638.415560032077,756.6073974,138330.0528,35467.76099710251,2664.378232,376020.0293,,,,,,,,,,,,,7332.068973884855,-169.4252704,155063.4714,,,,302.4478299
4/3/2023,4/9/2023,15,2023,14,1,,0,1314.9050844540698,3632.481242,11963.49837,,,,,,,,,,6097.382029655784,10660.82463,31200.11788,6319.823081406799,26.90118246,1431.758799,,,,1088.603188382469,-312.4281102,13140.08927,14221.028398461192,206.2648242,115910.9668,35815.18572281602,2149.835974,660098.6494,,,,,,,,,,,,,4248.627027189296,194.4511963,105411.2133,,,,474.0896812
4/10/2023,4/16/2023,16,2023,14,0,,0,1017.7182681160537,2203.435319,10804.42332,,,,,,,,,,31035.043819646962,6880.839786,27755.62711,9091.989084,-160.4725805,11460.20085,,,,5617.4160850282515,-479.2646282,34910.35189,13761.634978358366,500.2897221,140772.9999,14290.565466730639,1573.759659,683144.8486,,,,,,,,,,,,,628.8668326249698,-203.6713649,76630.45076,,,,293.7416574
4/17/2023,4/23/2023,17,2023,17,1,,0,2277.1316107579187,4127.364869,8452.451053,,,,,,,,,,29887.449355759683,10396.29349,18954.69884,10574.322089761008,280.4406887,14760.85166,,,,1813.6757691182734,1727.8966,33905.19133,14872.073201949886,522.1070713,184914.2885,42318.54352,2113.285083,507168.3886,,,,,,,,,,,,,3546.955138407539,-57.08050892,24661.07585,,,,306.5954371
4/24/2023,4/30/2023,18,2023,15,1,,0,2114.5511970775324,2678.224644,13564.27741,,,,,,,,,,18689.99813335533,6672.150008,31167.92033,2687.893385657078,10.10802976,-1999.442688,,,,4807.916279197915,42.32426386,61857.46383,8780.841100311096,186.6014377,105305.7877,30910.630608507356,3720.89548,1076923.699,,,,,,,,,,,,,11650.269633906242,-206.0925127,-78152.61637,,,,418.2670491
5/1/2023,5/7/2023,19,2023,12,1,,0,1681.3134847549356,3892.366264,16537.62857,,,,,,,,,,18528.911688837492,13819.32712,27388.80823,7249.901590091588,146.0365275,5513.143927,,,,5397.653514531621,1007.867317,68362.23221,6139.865997072264,208.1606555,76800.82824,52379.47171744433,2371.297993,492732.0994,,,,,,,,,,,,,3351.2147252116624,226.9152302,94974.77787,,,,354.8628269
5/8/2023,5/14/2023,20,2023,13,1,,0,1764.3573817205843,3133.1473,11413.55605,,,,,,,,,,16522.344424020535,6719.815775,26643.50708,4353.5281313252235,-25.62144109,-1356.317537,,,,12392.195164156768,-37.02802725,69759.33884,12267.04885392176,598.83713,23040.33827,15672.94943498638,2893.359702,722895.6131,,,,,,,,,,,,,4050.0528712784094,-48.09270878,-11976.06083,,,,575.4027147
5/15/2023,5/21/2023,21,2023,18,0,,0,1554.5289654596854,3213.447907,9510.845559,,,,,,,,,,16715.215806144653,8644.155749,32671.93874,3315.748005,176.0370603,8085.34732,,,,5711.332036364057,349.6683305,48957.22079,4227.981829,739.8952788,-5114.015832,31391.814129762275,2261.063023,738195.9263,,,,,,,,,,,,,11111.70665998512,-13.86891543,-13803.8353,,,,378.2224176
5/22/2023,5/28/2023,22,2023,18,0,,0,515.6725974880682,3657.659636,11523.52996,,,,,,,,,,23440.250404709328,10159.57074,26923.96734,4469.241981,-21.94197969,-292.7960836,,,,3740.275612175481,49.93365835,33414.22421,4195.973719042944,73.8356244,67618.50353,13503.929351607834,1319.813633,288904.7457,,,,,,,,,,,,,11197.240500205977,126.7377506,38710.44103,,,,639.9114617
5/29/2023,6/4/2023,23,2023,11,0,,0,1722.3864475003293,3504.298556,8239.79231,,,,,,,,,,27139.36653190545,10255.99224,20784.71777,7924.953396854394,83.17282174,11921.15198,,,,2780.6761280724877,360.4866828,18888.20301,12792.798756296124,21.8593211,-97766.43013,27893.73285,1590.747409,653930.2034,,,,,,,,,,,,,2241.4951911332005,-236.4534209,106630.187,,,,575.6875779
6/5/2023,6/11/2023,24,2023,13,1,,0,777.8038077246031,3087.868789,14036.46887,,,,,,,,,,17115.826153862792,8439.859167,23533.50573,9847.033678,251.0126356,2855.572695,,,,5377.746024666891,-1532.086985,21939.14409,5526.6996312564825,-166.7024256,75225.8692,28698.861356508733,1480.293638,449320.6432,,,,,,,,,,,,,1836.1369053499316,155.0515253,105018.7391,,,,597.183477
6/12/2023,6/18/2023,25,2023,13,1,,0,1456.2046384933205,3044.782091,13547.27923,,,,,,,,,,24764.83563219416,12487.63433,28189.55693,15061.275586950904,259.8713754,4581.58233,,,,4193.226803218762,208.9769805,20343.32625,11330.295083848761,405.6282066,94314.67106,14562.421842332555,1340.930623,262391.8389,,,,,,,,,,,,,11008.444917794126,281.3399462,85213.00444,,,,465.4845736
6/19/2023,6/25/2023,26,2023,17,1,,0,1618.5126683913809,3552.74214,11572.18163,,,,,,,,,,24316.78390837841,10322.65605,32980.89698,11471.23141165747,122.5626886,14495.06926,,,,3300.8243226146064,-581.1741455,14198.43079,9378.104779968537,164.4716276,95330.43814,25045.84101127948,2798.177257,697277.8437,,,,,,,,,,,,,1604.0066339820457,107.2289957,6985.065939,,,,556.327797
6/26/2023,7/2/2023,27,2023,12,1,,0,449.1902245938351,4374.086784,12069.7621,,,,,,,,,,30168.698096935954,7337.044525,24270.74712,6040.8896,-199.0959139,-91.16281977,,,,3857.2286129643285,282.5801373,9951.422984,17711.215661200447,97.84606214,51486.90653,23994.415629857947,2142.320762,714835.8323,,,,,,,,,,,,,4424.777961414489,-6.527965576,6472.911522,,,,567.9315848
7/3/2023,7/9/2023,28,2023,12,1,,0,2110.543835821437,4348.03635,13675.86663,,,,,,,,,,15432.80053274476,7644.034726,32341.62171,8708.456307898883,618.6926048,7087.147081,,,,6820.550663064612,-487.8209132,18947.18451,12492.163366711127,869.7805743,164106.9906,21015.91850111728,1925.928889,656687.8492,,,,,,,,,,,,,10122.886092746616,18.48980433,21264.38963,,,,399.828614
7/10/2023,7/16/2023,29,2023,19,1,,0,1466.1569626202313,2704.290968,13147.04469,,,,,,,,,,16045.259680361058,12718.00325,36757.97866,4602.9155114915975,375.8631352,1335.95546,,,,5974.2556960893935,-447.0676515,11871.78455,21462.969952402273,334.9975294,-31714.36055,37959.65607723194,2974.908374,737028.7305,,,,,,,,,,,,,,,,,,,568.216502
7/17/2023,7/23/2023,30,2023,13,1,,0,2353.560575,3518.16368,13748.90069,,,,,,,,,,28608.721770117103,11198.40451,33157.67668,6475.778874058653,190.6323681,11134.18135,,,,4202.8533574504645,-119.6130596,11917.89308,4178.589649877766,401.3446278,64312.07837,51569.64666813845,3806.847716,730606.1077,,,,,,,,,,,,,,,,,,,313.568825
7/24/2023,7/30/2023,31,2023,17,0,,0,1831.084147664862,3000.799766,13257.39365,,,,,,,,,,42914.53855232012,23613.32524,48947.76899,10148.970171407105,-77.78458347,13006.59764,,,,3440.7554901824947,-570.3122874,16394.11907,5478.754958945861,261.8925075,-28393.36729,60688.84057706334,2244.449535,615842.3021,,,,,,,,,,,,,,,,,,,544.8989851
7/31/2023,8/6/2023,32,2023,13,0,,0,1409.7771552977351,3122.14138,15014.13228,,,,,,,,,,22622.998348145047,20278.08381,49111.7071,5517.420402434162,82.97226491,1989.844669,,,,334.5386730639601,-246.2664206,3735.638475,8785.105543699665,1.097383884,41959.6564,23027.026296960874,2862.69003,684725.4232,,,,,,,,,,,,,,,,,,,694.0000179
8/7/2023,8/13/2023,33,2023,12,1,5678.454471,0,3809.9561898165834,4439.929629,13364.68971,,,,,,,,,,16456.506351577504,10577.74793,20612.43156,5768.266108,332.6224138,-984.0890435,,,,,,,3974.9289397929588,-183.1082832,94870.85037,20622.73655563722,1634.060124,656590.562,,,,,,,,,,,,,,,,,,,474.8791131
8/14/2023,8/20/2023,34,2023,14,1,33742.03626,0,3126.7410122027345,4378.097745,11908.86796,,,,,,,,,,23069.385427999463,9718.874641,21646.91278,11117.209933039821,925.8218965,21419.57966,,,,,,,6288.639682832042,437.1150125,223205.1133,43357.72941,1902.644885,675214.9886,,,,,,,,,,,,,,,,,,,831.6397609
8/21/2023,8/27/2023,35,2023,18,1,51447.93021,0,2310.6475586656757,3686.596826,18012.29665,,,,,,,,,,43119.673359033215,14943.38189,34258.67443,7912.411896707129,536.6613636,26589.49868,,,,,,,16565.02875693244,959.9734997,215205.0618,24614.783314015185,2677.527556,1039647.659,,,,,,,,,,,,,,,,,,,477.833468
8/28/2023,9/3/2023,36,2023,19,0,62147.20115,0,4775.623204219356,3429.661198,13256.71174,,,,,,,,,,8812.751583469602,15303.32877,34689.07288,13377.097863239549,642.4470424,17308.5328,,,,,,,13524.831871871478,776.0828736,187095.8323,85601.89111592736,3499.498675,890499.2239,,,,,,,,,,,,,,,,33487.481277762476,1487.860416,882792.8917,771.0876085
9/4/2023,9/10/2023,37,2023,19,0,36967.6357,0,4079.946201471729,2996.793105,14871.81347,,,,,,,,,,10834.491584143687,17075.34554,31179.85334,12584.00175109558,586.7593283,23710.19381,,,,,,,27630.91524268548,1126.98233,213445.126,71150.99464977658,5536.278272,869475.0833,,,,,,,,,,,,,,,,18735.501110576897,5798.348315,1463880.599,551.3799404
9/11/2023,9/17/2023,38,2023,16,1,51204.19693,0,1213.542077226542,5152.859455,14412.31827,,,,,,,,,,22729.36888165644,13210.50837,36010.70418,16769.426106323885,953.750861,16924.37815,,,,,,,22952.640804397524,810.3190567,215554.148,57171.564819472536,4805.844822,1348778.523,,,,,,,,,,,,,8015.878488797434,343.2376594,-10297.57598,20565.968198629795,4590.628483,1307165.609,812.3527092
9/18/2023,9/24/2023,39,2023,19,1,64386.97569,0,2946.822495,4683.87194,34739.15889,,,,,,,,,,43711.592852495036,10400.658,28344.25421,7988.9922816169865,1803.702497,34140.72029,,,,,,,7701.887041689962,604.784755,46023.57676,44358.51111059021,4852.271548,1009731.247,,,,,,,,,,,,,8900.076689481002,568.9177062,109279.663,13703.636871839914,3055.981007,1233728.626,367.1807198
9/25/2023,10/1/2023,40,2023,15,0,53326.46089,0,6085.119146332065,2480.766849,23726.78645,,,,,,,,,,40862.97476,10187.50397,31710.488,24012.100436314664,1355.672068,26617.36464,,,,,,,9136.472016938931,742.523879,101928.3961,58658.04765286174,3570.35447,729604.309,,,,,,,,,,,,,12674.535679170789,537.140478,97249.81914,19935.63425888707,4107.194833,1332567.585,422.5041942
10/2/2023,10/8/2023,41,2023,16,0,39035.69064,0,3820.693059804066,3154.118466,24496.7945,,,,,,,,,,55419.88418536097,11549.32249,32981.11004,11030.73617216456,139.9563924,3752.61615,,,,,,,13385.22184171358,166.0613565,-4446.938353,41618.635471827765,2999.590881,496145.7685,,,,,,,,,,,,,5046.723353,-141.1229355,31607.2755,27217.27605842088,1970.398575,791785.2127,609.1222214
10/9/2023,10/15/2023,42,2023,22,0,47303.86419,0,2747.024391673391,4197.053295,10110.96194,,,,,,,,,,14608.11317413903,12739.15067,19494.90829,,,,,,,,,,15928.567512120346,521.9300892,97693.95366,7961.166461262187,2254.773064,447603.5342,,,,,,,,,,,,,,,,10380.250813433911,1525.233995,812156.1694,376.4785717
10/16/2023,10/22/2023,43,2023,13,0,38845.52912,0,972.0726693705474,4656.364964,11321.85929,,,,,,,,,,16793.758715384687,7966.310658,23001.06677,11548.214988768148,-465.2935646,2277.957912,,,,,,,7887.667172106408,-193.3202998,57708.66148,28482.99952577044,2880.928606,245055.5197,,,,,,,,,,,,,,,,2430.9801686556393,660.0237813,249445.4947,396.9684516
10/23/2023,10/29/2023,44,2023,14,1,47185.48285,0,3944.277320050488,3715.283177,13423.07108,,,,,,,,,,22767.156587313064,14447.70928,23001.31659,1990.3114384447017,202.1201172,7418.394902,,,,,,,6446.169007628287,496.1271662,124860.5292,43806.970136462434,1932.563776,505764.5872,,,,,,,,,,,,,,,,8253.262460041038,710.0244659,822761.0144,536.2042353
10/30/2023,11/5/2023,45,2023,15,0,32964.93881,0,2253.890650448079,2492.930434,10963.34334,,,,,,,,,,21705.527623848207,10788.68475,24326.25951,8778.790493476148,145.6714337,7644.339162,,,,,,,8395.658111379551,224.3366897,154222.8359,28336.154704435103,2125.500761,313148.2513,,,,,,,,,,,,,,,,10605.984565570969,465.4798596,379845.3134,395.1708858
11/6/2023,11/12/2023,46,2023,13,0,47506.0491,0,1278.9288606395464,2664.633344,9061.915738,,,,,,,,,,27650.330165303763,13803.20011,27953.09737,10390.368783626744,184.7987765,9622.674852,,,,,,,12984.941881625991,-116.614047,-5329.674559,30092.62807087408,2272.945643,524600.8054,,,,,,,,,,,,,,,,34760.58257274922,1960.291817,1080686.083,550.5484254
11/13/2023,11/19/2023,47,2023,14,1,45088.56475,0,722.5030784547369,3519.594142,11223.69377,,,,,,,,,,29796.349716459645,12258.99473,16343.27753,8748.071388538508,104.740786,-765.9916386,,,,,,,10237.744683856921,405.9543819,76655.72114,22799.532486690558,1715.90387,716548.6248,,,,,,,,,,,,,,,,11542.936284222593,2755.362116,803669.0748,367.9904755
11/20/2023,11/26/2023,48,2023,19,0,43159.91654,0,1810.7277480172618,2399.457565,6258.709308,,,,,,,,,,14379.272323826877,8628.849677,20192.22511,5532.351362190901,-148.2903133,7785.197158,,,,,,,10705.931920533732,-96.46285721,37968.59376,31247.261923500373,1875.869454,353908.2778,,,,,,,,,,,,,,,,16467.714781587387,309.5624008,272522.2265,322.8997802
11/27/2023,12/3/2023,49,2023,17,0,42597.93761,0,845.4932023426975,2322.645612,12434.58673,,,,,,,,,,39026.54084672318,12480.34564,21879.62052,5163.176436940733,184.064555,488.060751,,,,,,,12732.600765276802,610.0367257,16244.74793,43885.015158217924,2926.240368,325711.9343,,,,,,,,,,,,,,,,,,,418.1753206
12/4/2023,12/10/2023,50,2023,22,0,31131.05464,0,2170.406549963469,3671.257805,9535.936181,,,,,,,,,,13150.99840523436,12060.11638,26278.84975,4755.440415589725,252.4193478,3345.603303,,,,,,,6038.187305010749,-26.49224713,10967.98949,27559.167535247332,2306.982178,302482.5715,,,,,,,,,,,,,,,,,,,576.9610217
12/11/2023,12/17/2023,51,2023,22,1,35307.3184,0,3049.870694305581,2392.213579,10235.9687,,,,,,,,,,42690.57286555819,13666.21108,24536.26154,9134.330082808512,212.4132384,2455.947726,,,,,,,8384.480748,-132.4105159,196724.653,21615.023950546314,950.0902145,391895.1737,,,,,,,,,,,,,,,,,,,383.1429863
12/18/2023,12/24/2023,52,2023,16,0,20824.66945,0,2505.1955359953554,3985.609719,8762.134361,,,,,,,,,,36963.02512545993,12249.68963,27440.7251,5756.986097,247.2512631,-2713.696541,,,,,,,13278.537802259605,422.4534885,123287.148,20143.74813466937,1475.237671,417799.9348,,,,,,,,,,,,,,,,,,,580.3123265
12/25/2023,12/31/2023,53,2023,15,1,25761.03885,0,1388.8893878259673,2724.853283,9179.995205,,,,,,,,,,37462.84345723345,10022.19569,22981.94963,8695.530402470366,150.7571382,-8488.82545,,,,,,,5491.877152100106,277.105607,208617.862,30759.726758821285,1893.427134,354840.5951,,,,,,,,,,,,,,,,,,,665.2884046
1/1/2024,1/7/2024,1,2024,17,1,26776.67126,0,1860.6654360127072,2888.096588,9733.970792,,,,,,,,,,15243.11363463047,16724.47381,16570.04543,15468.77630686151,667.1522109,24815.80099,,,,,,,18126.49316751354,694.5594142,177600.4685,21233.443653062153,1846.680659,367822.4498,,,,,,,,,,,,,,,,10743.052524401435,1232.262471,671023.5206,678.2803955
1/8/2024,1/14/2024,2,2024,19,0,45456.95813,0,1146.5348744123403,3968.966877,11034.37074,,,,,,,,,,11038.279908923316,14606.26562,29062.50485,6727.913199116047,267.1542397,1780.573228,,,,,,,5703.226221245841,117.0718767,61189.92385,26953.439198447162,3207.9709,755256.8886,,,,,,,,,,,,,,,,18012.235936916797,1717.652704,642978.6021,818.3552373
1/15/2024,1/21/2024,3,2024,15,0,25911.14473,0,2490.0870893947613,3673.491171,12497.9355,,,,,,,,,,25671.530965189675,12157.43845,22754.38989,5860.707097489341,239.4138344,1811.250299,,,,,,,11719.05355864895,745.0000609,70989.10953,21706.627089364523,2721.045167,640843.463,,,,,,,,,,,,,,,,4775.116636474269,1487.773312,557038.6003,857.8916576
1/22/2024,1/28/2024,4,2024,18,0,34201.9396,0,1087.2436498743846,4949.209361,13576.40073,,,,,,,,,,16927.448346401954,14296.40227,20112.05288,13788.729245315468,2555.240754,44182.63464,,,,,,,11185.852594032833,239.5921636,140688.5224,39449.22009290424,3011.978888,1131494.583,,,,,,,,,,,,,,,,13505.922491450381,2127.415044,882750.6715,614.3690839
1/29/2024,2/4/2024,5,2024,17,0,40049.06473,0,2044.817653981081,3845.013851,11814.45778,,,,,,,859.2726195816032,91.50670718,387542.5209,11328.399091076684,11847.07685,15964.36852,26413.196833216927,3730.77813,79650.28175,,,,,,,12260.869301339384,703.8349095,128752.5904,36804.72944952032,3334.550167,1660334.091,,,,,,,,,,,,,,,,13860.884860246404,900.730304,1049679.532,469.4406253
2/5/2024,2/11/2024,6,2024,19,1,33151.07669,0,887.5084669117414,2436.40914,12401.96055,,,,,,,946.0535132718182,430.231874,552032.9954,40482.28086638452,8654.227162,33009.84515,10127.576717106476,1292.943205,18951.50899,,,,,,,4223.703053,876.7742247,78576.84847,17994.286641089515,2653.053028,1660269.405,,,,,,,,,,,,,,,,10101.869140162256,1515.825248,917185.0695,556.9638117
2/12/2024,2/18/2024,7,2024,17,0,23942.80219,0,594.0422270536303,3108.782666,8323.447476,,,,,,,1833.961536838327,421.6030547,785860.6696,17036.236450626755,12822.07103,28166.662,12315.387265971425,1381.83946,23132.351,,,,,,,16690.11742941833,805.2678517,29418.95383,32371.45020005199,2519.564141,1414017.373,,,,,,,,,,,,,,,,13789.678979473767,1206.090729,783066.7931,658.888592
2/19/2024,2/25/2024,8,2024,16,0,35184.95321,0,1699.6567991051518,2860.227602,11021.52289,,,,,,,1192.2388132115602,352.4365448,436046.1037,21842.48690579383,11340.61369,19222.02306,18640.30240878183,1447.910031,22653.40582,,,,,,,9979.613054727495,448.5696809,350797.161,29112.483209351016,9371.773374,9310015.129,,,,,,,,,,,,,,,,18461.306808910587,1025.533218,808475.8834,689.3308364
2/26/2024,3/3/2024,9,2024,23,0,37223.10399,0,763.6030616533479,3633.667299,8371.031703,,,,,,,1956.3735622042539,274.2528271,452998.99,8130.435626801314,14446.76285,20465.06122,9789.193805818602,1264.612898,37323.21969,,,,3329.761151304702,481.698576,-1554.150098,14053.89785665982,410.970309,167050.741,43647.83659,4079.81066,1961835.745,,,,,,,,,,,,,,,,14597.234760537589,1064.262323,532047.3235,554.7929633
3/4/2024,3/10/2024,10,2024,20,1,40356.13958,0,2610.479065122343,2949.592788,7579.961928,,,,,,,2052.4766969277307,168.8876404,462619.5022,29389.40718,13293.07754,29542.61109,31062.66318438753,1088.353409,47926.41807,,,,4910.753864199949,1749.58186,12540.70376,17090.65754132181,220.3795617,153965.9722,17778.455780586126,5516.392703,3808256.465,,,,,,,,,,,,,,,,,,,492.5438715
3/11/2024,3/17/2024,11,2024,14,0,31708.41497,1,2357.352232436626,3565.802646,10751.03826,,,,,,,1002.5013164652344,131.9723978,395782.5933,29092.72398763708,12796.82785,24027.42043,11575.930536674541,2214.753807,35934.16072,,,,3975.1573127556057,1256.710332,5532.009569,23698.30729945592,1611.171205,179148.1719,29575.188236580703,4569.72101,3813176.421,,,,,,,,,,,,,,,,18958.835613117415,1021.616686,1372085.833,769.8951927
3/18/2024,3/24/2024,12,2024,22,0,37507.19231,1,1585.0370502612725,2345.251256,10795.37209,,,,,,,394.90511495911335,154.8536821,324596.5355,6150.973318059456,14613.84454,29607.61194,23583.901636117793,2325.236416,44382.19825,,,,4580.086838688007,512.416637,3051.566899,10210.104202973966,852.7538835,172835.8366,60251.70532693568,3611.195062,2852045.937,,,,,,,,,,,,,,,,15133.162449592928,153.5281851,512004.5211,428.3791189
3/25/2024,3/31/2024,13,2024,18,1,31404.52216,1,386.36853312579854,2840.110565,12539.77817,,,,,,,,,,13299.090128597378,10486.27982,20187.79206,26411.45151532435,1541.201872,50741.17373,,,,2724.603324,455.5004228,2493.223239,8376.414665243428,-37.96012373,136871.5005,43679.643849016036,6695.26222,4006007.931,,,,,,,,,,,,,,,,14444.765436329686,1502.574986,816084.278,613.3318654
4/1/2024,4/7/2024,14,2024,23,1,37363.92393,1,1401.7567745367342,3937.484572,9988.566596,,,,,,,,,,45216.622057631525,16154.29497,32428.09343,23490.412403278984,1459.270973,32982.12418,,,,,,,5953.429322991034,-111.4845943,154175.1287,18870.662694256345,8195.781928,6005685.767,,,,,,,,,,,,,,,,19380.887895735847,1095.784393,1044214.074,398.2288272
4/8/2024,4/14/2024,15,2024,21,0,37943.42479,1,2197.330385233701,3757.362868,13713.32684,,,,,,,,,,23026.676949832083,17319.59543,26538.68994,26522.945328434467,2634.191641,49218.44257,,,,,,,9255.976132872544,348.8305517,125050.8178,46883.28469771486,6220.940541,5598004.364,,,,,,,,,,,,,,,,76318.11933645328,8346.702277,2849424.537,744.3283434
4/15/2024,4/21/2024,16,2024,17,0,33770.01657,1,574.0420680266367,2881.708091,6679.989567,,,,,,,,,,29242.95109876931,11703.79835,22108.9053,32396.531285263278,2290.860571,46965.64356,,,,2995.0210238726863,1391.71307,34212.03684,15012.459417207769,172.1444739,55769.65594,23427.761801786386,6191.058398,4541921.277,,,,,,,,,,,,,,,,78585.41328627814,9798.804283,3714003.151,839.0252212
4/22/2024,4/28/2024,17,2024,13,0,27176.16084,1,796.6093428520882,3123.982255,8196.41016,,,,,,,1077.933842006166,196.3177975,459906.6958,12199.455470735606,15555.46933,29001.54693,37650.29231761129,1879.824542,59106.5684,,,,2198.386710504277,2630.065628,104297.6118,17739.003120965786,-310.6101165,118198.8053,32621.701372971107,7126.828908,1555764.509,,,,,,,,,,,,,,,,42485.57213658547,10531.91744,5835735.366,580.7448017
4/29/2024,5/5/2024,18,2024,17,0,26220.46336,1,1869.2737384140078,4500.944474,9250.842987,,,,,,,911.9381983205285,165.1858283,350370.0659,6487.016503002083,13715.81887,37553.95987,45210.426631019465,3360.806714,79322.59536,,,,6758.677941564121,906.8873509,70986.243,13916.095516695777,756.5053878,120503.9118,69079.13410904624,4405.281776,823330.5712,,,,,,,,,,,,,,,,40000.62535,13471.77818,6458903.618,589.7056558
5/6/2024,5/12/2024,19,2024,20,0,26658.42382,1,1005.169006959614,4622.249244,8143.93766,,,,,,,837.8719182091338,326.2529264,377200.2361,28323.909457158064,12555.20601,27234.12704,33685.349946420974,2553.822477,75121.86506,,,,8072.482892437987,1475.395721,51019.73161,7566.890701,392.1727934,224931.5594,29117.38725,4868.713871,938301.0338,,,,,,,,,,,,,,,,85625.29270722065,16042.92416,5034612.757,654.8688649
5/13/2024,5/19/2024,20,2024,21,1,34350.85989,1,2575.9870121297276,840.2573204,6383.820965,,,,,,,1084.5498816279005,100.8643303,196738.8641,33826.318746024874,5921.920036,21276.41193,14379.576980902955,1173.121561,-645.7957502,,,,4491.914576367881,1763.194607,48260.58083,21226.875264933595,1266.461563,549667.4314,32826.41467492687,6061.624255,865312.2966,,,,,,,,,,,,,,,,79529.61618711671,20153.29541,7954131.244,726.5913893
5/20/2024,5/26/2024,21,2024,17,1,34526.02019,1,5734.748825683123,977.7839454,36200.92773,,,,,,,,,,12767.006205002399,15407.16207,29319.06074,11831.730950177433,2635.338273,33563.86653,,,,1322.478919651879,1292.024008,-1794.718836,19088.710637179796,1008.889233,284734.6701,45141.12834691559,4352.541267,688504.6802,,,,,,,,,,,,,,,,96258.72633972722,13160.53844,7784115.335,705.994242
5/27/2024,6/2/2024,22,2024,15,0,36399.04817,1,7014.151528786286,1263.516557,4509.854428,,,,,,,,,,38902.26031877942,12139.24986,29584.75263,43437.854093646165,3561.380766,35226.78774,,,,1851.7068890586158,2252.412844,1419.205507,14799.773668946356,77.43586013,226741.9184,35270.171305951415,4179.297875,498640.9568,,,,,,,,,,,,,2655.811801518132,303.1042488,124024.5285,105075.40440875206,11941.2368,7996155.93,757.5443218
6/3/2024,6/9/2024,23,2024,23,0,31013.17291,1,3836.052700411037,1974.107341,4550.069332,,,,,,,,,,21397.50222974527,12855.43276,36715.35461,51600.51466,2940.273624,46721.49081,,,,3781.111479046235,1674.264676,1524.161979,8474.892108060672,1731.205964,404566.74,15571.128628028207,4775.280028,872722.8964,,,,,,,,,,,,,10591.180771138072,396.1582467,128343.4547,27707.73761828291,18187.12909,7610892.6,754.5929263
6/10/2024,6/16/2024,24,2024,24,1,43330.36969,1,2595.589127381533,1314.601619,6806.242151,,,,,,,,,,15234.125053470212,12786.63108,34734.62505,70047.85257771879,3598.884474,63874.12938,,,,839.8436905378339,-276.1250884,8202.161355,25040.333548382798,1734.442626,529291.2568,67181.66963889147,3702.457493,717816.8863,,,,,,,,,,,,,7914.991287500869,349.6279557,155089.5359,33677.51648518519,14984.48449,7395504.816,693.4584512
6/17/2024,6/23/2024,25,2024,19,0,19505.55467,1,1450.043446351025,1171.608687,3113.762862,,,,,,,,,,15113.348208189935,16287.89287,23881.64266,51401.66364060388,4746.373595,69557.19298,,,,2973.6405942950155,944.4758762,2513.812538,12639.38315369238,2409.538824,846237.7777,47506.737712091584,4933.58812,847615.7993,,,,,,,,,,,,,7691.081521015723,243.7687625,62238.51564,87373.16312,12148.46143,7418617.648,928.4076985
6/24/2024,6/30/2024,26,2024,15,0,36143.41713,1,2020.7629835024077,1553.416363,2854.127118,,,,,,,,,,15366.671640410585,14329.65068,35958.95729,37225.052879201095,4557.50953,88779.44868,,,,3152.486674273611,1435.283107,1805.905754,15534.52083988059,1512.100155,781584.2817,51014.429838049036,5258.818118,1332250.395,,,,,,,,,,,,,5603.117038524957,453.4179704,19114.95132,120508.84379912482,16916.43047,5710270.592,837.2415285
7/1/2024,7/7/2024,27,2024,17,0,29864.78489,1,2371.131810515509,1164.33867,3084.397849,,,,,,,,,,10228.189052538139,10373.01222,28637.65077,35436.87113136805,2313.205377,37012.93291,,,,,,,4565.014425962347,872.7445602,256465.1499,33131.87341113028,4310.418148,619919.5239,,,,,,,,,,,,,10424.008374742867,602.9867857,162358.2323,32931.06208999881,9453.977528,2879982.968,643.2568735
7/8/2024,7/14/2024,28,2024,14,0,28069.04089,1,1672.039868575885,1608.73173,3244.23617,,,,,,,,,,8845.226127782807,8126.575238,27672.89606,51049.45654324894,3401.555634,48930.621,,,,2806.774461488665,-375.2613867,-144.8121356,6824.988950298295,459.8646553,338237.4408,49744.31703970328,4521.448815,1120490.961,,,,,,,,,,,,,5434.952425082228,563.8331143,74100.1382,38559.42375987884,11050.58386,3945272.313,1089.075968
7/15/2024,7/21/2024,29,2024,24,0,21436.45781,1,2637.9733614754587,1653.83259,3479.148104,3541.5913976898473,930.3651807,73850.15904,,,,,,,7346.639209591528,14543.49013,25172.00041,11994.662845620518,2996.218911,63510.51887,,,,,,,2183.761650901611,239.5597444,206039.2217,35328.60925824005,2088.686121,627956.0166,,,,,,,,,,,,,10941.285573150586,25.26768765,100587.4672,25731.771035197802,8919.197005,2976156.027,853.2583309
7/22/2024,7/28/2024,30,2024,15,1,28330.68344,1,1151.4112040614386,1670.886215,4276.308862,2549.8157310854494,279.650472,-4148.384626,,,,,,,16668.192816826177,12392.95484,35661.96133,20059.98210839741,2510.623047,26326.92023,,,,,,,7972.370940188653,911.542109,117740.1382,43056.74738816336,2817.663365,615348.0446,,,,,,,,,,,,,11526.421044739449,304.4308961,98842.71645,19468.372378410713,9536.28553,3267785.319,729.559662
7/29/2024,8/4/2024,31,2024,20,0,26890.46985,1,1452.3302949667222,1972.478836,3786.075272,1649.3589574320522,711.6986133,93597.57742,,,,,,,19325.82097478041,14204.78777,21495.02733,32163.48512211634,4210.585251,44597.73026,,,,,,,22099.610025131125,1353.936857,412111.0589,28325.087850867836,3583.420985,757427.566,,,,1540.7728995736488,786.2120471,10494.39645,14574.342970385167,319.225006,9925.484935,,,,12419.721527121312,410.1498505,31547.11581,31445.64686713077,11463.76893,3406261.352,644.3394256
8/5/2024,8/11/2024,32,2024,16,0,40562.33085,1,1335.5044764763506,1840.485371,3823.16579,4306.461761944018,870.3114084,101492.2334,,,,,,,7158.701944612452,14996.28265,25216.34022,27364.942076176616,2372.592567,40801.00482,,,,,,,13559.715349356997,474.2470195,305071.6346,26306.986061094867,2812.336194,383199.4698,,,,,,,8775.073301948407,974.2892872,94397.21028,,,,17296.059172700843,903.9677452,115535.6238,42923.92206701083,9216.990396,2678129.267,571.5667814
8/12/2024,8/18/2024,33,2024,18,0,35314.62833,1,1257.5486132793699,1583.650637,7201.363787,2544.580476310952,907.4366994,22711.70159,,,,,,,17754.990699652953,12554.03494,32226.60694,17699.889653504688,1745.615304,40821.4881,,,,,,,13933.277092048098,2058.663255,705377.7206,34331.01294275292,2528.886327,772302.7179,,,,,,,19350.000411833702,313.2481704,160653.7728,,,,6926.683765614686,555.8337847,202296.0418,23049.041050281015,7861.851542,2496237.348,1113.338938
8/19/2024,8/25/2024,34,2024,21,1,43092.76706,1,1639.604207494134,2178.096484,5633.412475,3977.135126625928,693.5427497,42883.24755,,,,,,,16445.827908198436,19745.16703,22541.30501,29945.58342198635,3502.672396,39431.60574,,,,1900.259297510647,-215.6172385,85537.81865,20571.292084810477,1751.051517,773985.7626,55625.56488031889,3195.249099,920824.751,,,,,,,6420.3111261427675,924.5208465,373394.6124,,,,25920.996729495273,1148.44314,371544.6014,74030.56015521695,7126.772498,5009066.505,1189.531672
8/26/2024,9/1/2024,35,2024,23,1,28642.74326,1,823.7530695171636,2788.300921,7066.553258,3889.324004948939,1039.243052,42639.56416,,,,,,,23121.116531483178,22167.11327,24710.70797,28215.697331310184,3426.204109,41082.52542,,,,8772.477614939982,190.64334,116082.5718,20972.641452094223,1446.179556,499438.9575,54342.43193240483,3040.960705,421128.0332,,,,,,,21202.34642043172,1182.994795,494429.9701,,,,23144.50122289561,973.6063573,410769.5852,72891.08124854445,9050.842633,5127040.973,1042.731325
9/2/2024,9/8/2024,36,2024,16,1,36720.53435,1,863.9841656050623,2567.161227,3256.679322,3205.7585397437783,773.3783289,91032.17825,,,,,,,10607.684850222906,13690.12639,31698.40036,26682.937266543977,1905.7923,28897.97362,,,,7969.113091952078,982.3252609,86584.35947,18511.98649174777,1407.844902,556398.0355,36511.00680376749,2044.881336,653076.1885,,,,,,,6987.992469034846,1263.43681,648642.4181,,,,20320.629292668305,1136.964769,366787.5251,54346.398928542825,8098.995924,5456146.102,647.8360491
9/9/2024,9/15/2024,37,2024,13,1,33677.41918,1,2095.480661573044,1977.850033,4986.752551,4680.833483,773.4911777,43856.02353,,,,,,,24652.395110898768,20441.61405,31425.50204,27511.126077170433,2996.449615,65988.17682,,,,3036.7447477676205,74.10074425,19782.74529,34467.348384432495,1539.436873,953553.1249,56490.76999742858,2577.631768,740195.1165,,,,,,,19181.890205541906,951.3886126,717038.4659,,,,6549.575890315895,1505.987448,177934.1658,79243.14539564046,7528.972379,3484890.542,982.4258848
9/16/2024,9/22/2024,38,2024,15,0,31324.70271,1,2513.624546632139,1697.873258,4879.431806,3903.2046359590477,796.7582965,42954.89384,,,,,,,19794.938587726116,19914.3472,23886.37939,15358.255511162179,3397.131953,43708.68079,,,,1165.9180704584724,-176.9710737,3101.287148,10670.107898085935,331.5856217,365637.4972,29938.006487628656,1670.477277,500053.869,,,,,,,10211.974536042228,1125.282637,396271.7088,,,,9550.562513841556,181.7556054,79387.63446,15424.888053504925,4593.012864,2537297.45,1011.25961
9/23/2024,9/29/2024,39,2024,24,1,21804.12867,1,2640.1902294669867,2168.049125,3109.688454,7745.571482144637,780.6961699,33396.78232,,,,,,,25214.513402088174,20714.33667,34072.84712,15513.44224014021,4397.172385,48613.64524,,,,2463.263971712584,372.4633043,13881.78409,4388.709800506547,-7.561619158,198913.0445,47496.17542387605,1732.045052,429999.6744,,,,,,,4317.118536730837,1392.490884,244194.5416,,,,9967.329560437207,872.9817232,153581.2473,50830.289623352735,3981.762763,2171556.701,618.4658155
9/30/2024,10/6/2024,40,2024,23,0,34151.09255,1,2219.937865121513,2018.402905,3452.672065,5556.041332782563,1276.3439,70613.41065,,,,,,,19346.290877777305,12779.04034,34992.27799,10314.45919727729,4151.462932,54808.06636,,,,3672.986980699229,208.4927185,15489.69332,7011.938797321294,454.3792021,222138.0507,63911.53542188931,2416.939547,328207.1625,,,,,,,22798.88171054764,743.4222928,711785.8446,,,,3912.882155253539,552.7286244,85919.58302,32616.606333119482,2370.725222,1139517.724,644.6865324
10/7/2024,10/13/2024,41,2024,20,0,27064.09932,1,995.6779556092041,2208.919553,5548.251038,3141.6239494758083,908.7928129,93651.48272,,,,,,,17610.184117636374,17521.99678,23407.46026,33458.46283830438,4165.315583,53404.74341,,,,3306.089635167522,657.2170587,35372.16925,22281.170713690495,678.3547051,359579.1842,44210.833020972525,3272.393562,304681.9852,,,,,,,14093.076380726492,1262.962201,481372.614,,,,7688.578932216116,1196.274332,150218.5288,35151.983109379544,3202.899409,2316576.515,762.3826257
10/14/2024,10/20/2024,42,2024,21,1,33885.43641,1,1146.3379948212096,2475.748817,5546.862245,1418.4173266396538,1199.998841,85189.81611,,,,,,,5521.354494299488,13777.95752,30711.51696,47835.53276610498,3502.850111,74414.14176,,,,1682.5496308951247,845.9029474,35011.50755,11596.975851768682,731.8785176,375067.7177,27663.879540633792,3092.814906,247720.9443,,,,,,,3558.9972041010906,741.9781377,234681.3638,,,,11661.952667734076,868.1918526,43548.24123,34023.132185296025,4948.954927,3056895.977,924.6699166
10/21/2024,10/27/2024,43,2024,22,1,23955.06273,1,1566.9670215390024,1966.526896,4638.476964,4320.153594,906.1774367,41059.35362,,,,,,,11596.08854,19865.82682,23938.14374,32683.35073113856,4019.790996,73367.01804,,,,2533.1193913107713,267.6133795,44825.18047,15344.971768377092,1056.430586,264954.2314,26619.348657420644,1838.154897,326552.5076,,,,,,,12312.45602803686,695.6894641,601762.1908,,,,1105.7589406822588,720.164484,34757.45952,25496.859531139606,2436.187004,2424888.387,539.4104127
10/28/2024,11/3/2024,44,2024,16,1,34452.9411,1,2272.002273165181,1928.174975,5449.182999,3681.3067447042313,712.1316411,115852.0267,,,,,,,24632.422050274297,11881.86447,26815.91746,17132.526283191386,3380.270835,59493.39937,,,,4208.635100931705,189.6266597,16176.81086,2147.537779769847,474.8240221,285580.5967,33180.17032265103,2263.458127,249668.0172,,,,,,,3871.280257908295,142.3560913,362760.6509,,,,12312.423588252394,925.550743,164052.4289,67145.52007308537,4079.134164,3187645.045,836.3108461
11/4/2024,11/10/2024,45,2024,25,1,19111.93567,1,2745.547107523897,2339.434167,5075.979628,3119.2909271606386,745.76643,47918.90292,,,,,,,23273.68628271208,16903.21316,22851.67379,27919.855434885532,4265.505682,76948.09061,,,,3154.5281631651733,128.6840967,-1518.481793,9251.097762322806,554.8509348,252054.9766,30969.238576643143,2041.711941,371342.493,,,,,,,15838.941965227143,1218.323171,712359.0957,,,,11997.362467252147,592.7323759,116281.0914,38135.32808138455,1437.111926,2284348.51,786.3744093
11/11/2024,11/17/2024,46,2024,19,1,29714.44085,1,852.8262729861899,2856.386919,3822.582757,4047.050423772255,869.4567755,43160.0808,,,,,,,9419.733953,15262.1703,27273.80397,17810.86307557298,4323.368009,38700.78842,,,,,,,8991.191184886567,891.288495,227257.5491,16460.105140102547,1811.260176,272061.9883,,,,3934.7289244147596,-163.6398802,55300.99115,22771.534034190037,1793.016391,328140.9349,,,,10155.806363077983,363.2796783,121409.633,22703.56293951255,1640.436845,1169927.447,763.2292125
11/18/2024,11/24/2024,47,2024,19,0,31654.93469,1,2333.3699311332803,1876.911004,3884.843557,3250.0702232556755,726.0889668,105476.4993,,,,,,,8576.952962998223,14823.06353,31429.21471,24431.054795634354,4510.860105,36742.01003,,,,,,,10005.501860232285,307.3264208,203152.8355,29636.16558729622,1507.684156,359836.7897,,,,1889.5486772827135,211.8474305,22688.47661,13213.418281522821,2008.835868,874056.4152,,,,6557.7310567761615,551.2922479,53793.42818,17605.965701490044,1631.20665,1421831.188,809.3330941
11/25/2024,12/1/2024,48,2024,20,1,25056.01813,1,1452.2825414524104,2282.362541,3575.751753,9012.712316387828,920.5838297,57062.39957,,,,,,,8911.809767302277,13782.54126,30122.38622,29126.681198602317,2155.368539,44308.58436,,,,,,,29768.002556395528,2138.541507,680186.0044,37679.74036,812.9703915,270842.6154,,,,4070.0293687617495,176.2222162,119607.4888,16302.71916732311,1112.189508,618706.3433,,,,12145.580870998023,856.4449027,95276.75147,74161.29819028976,2328.578522,2269516.401,856.7405235
12/2/2024,12/8/2024,49,2024,14,1,27558.78737,1,1654.056297803534,2268.430404,4360.156973,4400.184631870929,1138.060454,71194.94271,,,,,,,31033.012943583188,20016.15798,42712.43359,19996.74463294659,1566.900131,52926.22095,,,,,,,18592.66685640304,1177.163385,282690.3095,44619.01466606272,1578.859367,282817.1647,,,,5542.073206974899,614.9417071,99806.97135,7398.382004,1585.502475,672484.829,,,,4775.888152424149,950.6969178,108751.057,21806.14414,2669.613506,1975437.686,781.9898734
12/9/2024,12/15/2024,50,2024,16,1,24233.55607,1,2234.233536006606,3652.923132,6999.858972,7620.659734818888,839.4015169,38974.19179,,,,,,,18540.110924974946,19738.82074,37682.41049,37656.33743739314,3907.566131,78168.51541,,,,,,,10778.163974351206,261.4443993,223969.885,28965.83700646865,1807.429607,385401.4289,,,,3961.6463336242764,710.6984042,76820.00156,3019.645750005211,1193.030865,292773.7556,,,,19454.048136726044,461.6412409,203139.6388,34783.437282039886,3808.321292,3020124.354,704.1387445
12/16/2024,12/22/2024,51,2024,23,0,31820.42095,1,1906.125764860231,3604.316963,4699.639684,1766.1662533717213,1888.180731,111987.6488,,,,,,,5116.160539765003,23300.00547,39848.32869,48297.56059934737,4729.455505,75420.52367,,,,,,,16713.640627191366,802.5819385,235770.8942,10561.878012977131,2026.790874,225625.8424,,,,2093.9468440213213,120.5043575,96676.23498,12336.888547429631,1059.242134,479435.6535,,,,7267.512703431803,514.2695079,165744.52,55898.47873563759,4276.129075,3850575.984,945.3225812
12/23/2024,12/29/2024,52,2024,14,1,16259.1398,1,612.9074198403856,1599.259182,4582.374416,12102.730561885455,2143.313647,78295.00787,,,,,,,18497.192331301063,12164.90587,18884.21928,26780.36639094867,3983.784949,61580.89639,,,,,,,6827.163608259687,808.5097311,413765.4177,40014.65472975421,3026.217374,392279.2955,,,,4557.242224503892,905.8311476,33563.18732,20954.024880049918,2071.67536,976631.236,,,,7643.6877289553895,623.1660312,170957.1447,75604.06651427761,6336.744562,4432543.708,465.2924804
12/30/2024,1/5/2025,1,2025,22,0,25361.56996,1,1491.5161636114515,1559.776452,4988.253498,6758.981101720878,1489.324817,84562.2503,,,,,,,25070.851154653843,15866.20893,21174.96921,28061.28164526372,3531.806969,74589.81542,,,,,,,20532.906393713827,1111.976362,571411.723,27048.983489316885,1797.330543,429093.9593,,,,4824.715431261826,855.3086795,87908.53191,16890.33954354273,2891.228751,1064049.698,,,,17021.222353377663,1713.029078,161900.7066,30817.148040152373,3990.248962,5851808.768,1035.749825
1/6/2025,1/12/2025,2,2025,17,1,33978.80167,1,1498.9250236330042,2385.518816,4342.252496,9106.776663,1858.170331,116138.3364,,,,,,,5591.507868474529,19208.50066,43802.56406,31095.56823096105,3441.986211,75995.75727,,,,,,,22795.56084429743,1186.804116,580774.2977,13422.172115408692,2073.315833,705460.3383,,,,9919.628362817444,901.4524312,277443.0693,19223.63378442124,4558.639497,1488275.687,,,,13965.125257963296,1351.473151,212948.4446,49223.520450478725,5175.273626,2358687.014,1408.992995
1/13/2025,1/19/2025,3,2025,19,1,34056.83676,1,2810.9944523854624,1645.706072,2803.91487,7015.725156984821,1833.686673,98325.27417,,,,,,,23601.671004479194,15645.44733,26910.49338,24377.38779814369,2152.701315,30653.66195,,,,,,,25313.066878628037,1547.385904,879513.7438,30572.329637259958,3126.234911,637430.2356,,,,8080.341651054106,447.0755019,265846.4073,17425.918300833997,2955.403242,2562826.844,,,,15462.28897460401,1804.616662,365972.4792,58054.93046657632,3429.380956,2646408.928,1122.325173
1/20/2025,1/26/2025,4,2025,18,0,25467.43034,1,3221.576081781711,2269.060006,3397.0474,3177.5930005001587,1588.429304,60437.91972,,,,,,,26286.615964683395,21880.29189,34484.79283,40401.10182984567,2243.037702,39510.57464,,,,,,,18838.12608134084,683.3636017,284183.1166,43771.95840322998,2786.241947,453190.4687,,,,5840.672487931751,316.6872545,273903.0977,9635.930867518158,3847.544378,1372016.194,,,,16424.91129108306,1020.481221,357124.8955,41623.08270056039,4217.846833,2637886.637,1298.151839
1/27/2025,2/2/2025,5,2025,19,1,34358.39954,1,1860.3774526590078,2660.245709,3643.517023,7883.992307074369,1608.191524,80169.03857,,,,,,,29336.18970801425,22344.51137,44573.92679,66195.11968,4133.854323,73955.89523,,,,,,,30313.469079206738,1100.706815,1469793.703,12042.85917,2689.158517,242580.3167,,,,5569.155828651128,-54.05957224,211438.826,14563.168497662737,3544.676134,1295906.712,,,,19084.183038561634,2172.614576,651791.1321,19180.492234051726,5528.618183,3773751.602,1019.372475
2/3/2025,2/9/2025,6,2025,24,0,39451.92074,1,942.2782686792018,2696.166263,6353.0925,8249.278663270805,1739.837263,102676.042,,,,,,,29142.426350563765,20846.05053,38889.28919,68611.12983190264,4253.721361,67311.07697,,,,,,,30126.888967390612,3183.361552,2177637.701,39677.29841143123,1670.883742,443851.0746,,,,3997.634229611458,715.9609043,195421.4998,14446.70721244253,3514.386557,1845364.769,,,,4022.304132015881,734.970376,209318.6902,86570.64159695154,5420.136469,3875145.589,835.1434492
2/10/2025,2/16/2025,7,2025,18,0,23434.95051,1,1385.0631195035326,3491.892714,5879.153216,2940.665248022138,2003.158238,92597.18508,,,,,,,22999.972045318827,18858.71049,48535.51106,90971.32379336144,3744.780749,65166.87305,,,,,,,10101.966494491318,2341.1684,1703474.05,13320.076328385752,2224.391173,147701.9387,,,,1529.078558070023,-302.660628,242210.1583,24097.143767332866,4360.633115,1350101.881,,,,25733.190049221936,1518.883535,184957.8481,64103.757411270344,8080.087056,6087389.159,1116.55487
2/17/2025,2/23/2025,8,2025,22,0,37795.16468,1,3637.9029209319347,2643.76752,6555.561375,14484.023823349362,1265.419779,99415.74088,,,,,,,32248.92806028175,19413.46292,37877.87358,34590.83085420648,2797.18142,61458.06961,,,,,,,39510.61020593463,2435.752734,2579143.153,37078.37357990669,2036.555939,192209.2508,,,,3651.272485230888,592.4333428,138787.7294,7438.628789986773,3793.003395,1324769.502,,,,8673.167475072281,1227.784527,128239.5936,39132.88686099853,3844.801494,3776872.223,1214.976996
2/24/2025,3/2/2025,9,2025,21,1,22148.14617,1,5087.428981723777,2808.965295,7268.054276,7642.091060503838,2371.265127,143186.9075,,,,,,,19774.690541811957,15682.57052,25293.71121,34553.13965814639,3674.948111,53957.21831,,,,,,,22988.949608530194,2724.04465,2153369.632,38015.93317546695,2143.594471,58338.42729,,,,4338.070082239636,-211.7406514,154629.1567,16654.916844775744,2687.800353,1333871.313,,,,11465.353755570412,186.1453757,109431.3548,17523.91012928673,2758.972627,3678280.419,1068.732917
3/3/2025,3/9/2025,10,2025,23,1,27850.71571,1,4743.815561788055,4030.563083,8839.99785,9724.959932001679,2136.554873,159115.4002,,,,,,,27309.22542595725,19500.24092,42124.40695,32053.899038161107,2671.808381,59928.47996,,,,,,,38058.785538097036,2531.7234,1560654.577,9590.576258047171,1654.368374,260597.8896,,,,6622.015210952447,738.4189249,141402.0539,17233.375694445946,2916.709638,2188588.897,,,,12195.27889567762,793.4485075,179673.6186,56918.21611,4752.505493,5863475.207,1149.522927
3/10/2025,3/16/2025,11,2025,26,1,22854.38855,1,3986.7400711237274,2875.233694,5089.600035,3146.3513873208876,1663.10723,103520.7596,,,,,,,35145.96710921122,24828.95271,56884.848,68836.36693384557,4638.972567,85183.38623,,,,,,,21908.089600490082,1784.13388,1766269.776,23342.53761441893,1503.953874,212124.7338,,,,4775.915444520025,421.8089568,329778.7728,19492.51523,3730.965333,828104.9267,,,,13957.862670623283,1479.931624,88860.5123,64051.29246660065,6080.775912,3437780.808,802.4726426
3/17/2025,3/23/2025,12,2025,24,0,19873.0156,1,6200.254937340092,3978.415191,6942.551771,8235.909985,2251.888548,124668.873,,,,,,,16807.36113653235,20393.18924,52144.05933,51935.601220478755,3524.493238,161611.6727,,,,,,,14326.089642394661,1410.231704,428442.3327,30906.094366610363,849.0106446,188414.3709,,,,5449.007463463661,915.5693566,127625.1726,13346.75463859272,1866.140155,1187496.609,,,,19621.840330191433,1135.591947,295869.3393,78617.48230514627,4711.186954,4949315.981,834.6918565
3/24/2025,3/30/2025,13,2025,17,1,34553.06542,1,6024.943900275929,3138.606267,7127.656027,8289.580676296588,3016.866899,69981.50261,,,,,,,51087.25860692423,17687.7866,57812.20923,69529.30072604597,5305.707916,122798.7342,,,,,,,12907.740214256562,968.3355017,302466.8871,21118.34822067912,1299.996301,213842.1002,,,,2059.1082474382224,1107.996243,185767.4429,18548.674696795304,2929.225268,1758722.424,,,,8125.732189808252,461.5201383,112914.5276,69447.42388827652,4167.119251,4570510.567,751.289924
3/31/2025,4/6/2025,14,2025,15,0,25941.56121,1,2565.3498768580835,2793.994597,9283.425606,5806.141439888421,2275.490338,165759.1076,,,,,,,35759.64092724663,22852.96878,60560.57798,35712.47584402736,3910.011555,111028.4606,,,,,,,9043.201741838475,1075.804221,344763.5532,22985.96542257789,1756.656717,106130.6702,,,,4846.354818,1424.667035,312160.3715,25766.756813044914,3506.159088,1863022.876,,,,8928.240734581952,1635.647612,148172.8309,83158.65420273905,5137.204121,4600583.871,1188.658213
4/7/2025,4/13/2025,15,2025,19,1,36006.36759,1,4747.7388684694015,5159.43277,12305.78182,8246.840449,2365.062478,142900.1147,,,,,,,14411.176346652333,13695.17434,34382.58404,21708.783740181458,3495.729686,68362.75967,,,,,,,11550.853157005307,1199.154168,365395.938,20808.331319782686,2437.043577,181714.3152,,,,5368.0509437594965,1015.299849,243859.0479,10396.214202876548,1252.440394,1363273.682,,,,8061.417294571369,1979.028881,294684.2717,36970.91820056552,2820.830805,4797690.83,949.7684477
4/14/2025,4/20/2025,16,2025,24,0,21656.48971,1,2479.1824690730687,3018.681676,7079.244573,5923.326275071997,2800.445031,222658.375,,,,,,,33922.99161,18514.2891,42955.39041,37809.21619940645,2303.761652,37808.88127,,,,,,,18006.953416949043,1210.579508,466798.8397,24661.509074299927,2708.914382,253398.8143,,,,2004.400371643492,311.3686006,215593.1494,13980.932356465772,2232.952377,834891.9321,,,,30764.58016836102,2151.232666,371700.056,95232.42409183616,3308.618071,3722435.168,868.4639593
4/21/2025,4/27/2025,17,2025,16,0,28412.45785,1,3732.8816826472025,4734.43121,9232.613717,11186.249821396443,2494.481866,301790.6023,,,,,,,47142.84108107922,25565.93067,60164.25516,14649.81414798015,3176.524938,78462.45636,,,,,,,15648.07121645096,622.8800818,484754.8774,41329.36389456563,1357.347632,167513.9171,,,,4258.855797005443,-292.6580748,251102.0302,20934.628475934154,800.6915572,1183503.651,,,,18870.47404093167,1368.447965,547734.0088,64306.28236,4810.043814,4618695.437,1198.92837
4/28/2025,5/4/2025,18,2025,22,0,32819.39026,1,4998.276547467245,5419.267631,10214.08996,9784.134771025965,2915.04529,170875.402,,,,,,,49914.3076,25969.32868,77735.82518,19071.172635872404,4787.410489,127033.0168,,,,,,,14030.668651944507,1747.107819,367031.6424,24904.687705067292,850.6617045,223709.0236,,,,6145.547631368188,-106.7212604,129207.7557,20265.17713863306,2560.612284,1487861.982,,,,23915.840818440593,2808.944367,575260.1755,46273.43248964485,3451.021488,4211605.776,890.3951394
5/5/2025,5/11/2025,19,2025,23,1,27057.43787,1,4935.316793105424,4732.453692,6609.073447,12262.449682381812,2701.019813,169589.9695,,,,,,,19042.49615407097,21400.74053,90913.92491,33870.12924555112,3765.091,64229.1529,,,,,,,12509.319377346672,850.0950955,492234.1872,35387.94776634812,1367.240456,173434.4517,,,,7798.7083729606275,-596.5810768,135386.222,8027.049015201405,1948.497068,984015.7324,,,,15123.502148847729,1767.909835,383314.9766,40235.63371789152,2361.904986,5378786.399,991.6187715
5/12/2025,5/18/2025,20,2025,20,0,28878.28562,1,10151.585461234727,4981.868035,9167.533519,5771.010158291424,2783.057769,84329.02551,,,,,,,40808.65231133566,29512.87355,102008.0719,57068.04408312829,5909.294178,120841.331,,,,,,,31459.52267448274,1692.186824,727002.6154,14959.075546066812,2153.269657,489193.1948,,,,8771.418949,-9.307043182,371889.0604,12489.089857061663,3528.740676,1719094.402,,,,19792.42374937964,2175.574603,260908.1797,24966.276693097643,4081.596695,6424474.956,1265.076621
5/19/2025,5/25/2025,21,2025,25,0,38117.74239,1,6611.940555358245,4513.57057,8450.618698,3247.705378842551,2404.794671,236996.3577,,,,,,,37722.495259475516,27277.92055,62359.29377,30708.770819174282,5138.17367,65787.49823,,,,,,,33593.05403446776,1225.876231,616002.1444,35415.264075196515,2994.328716,371621.0408,,,,7446.048746908974,494.0915147,403935.8406,16666.47827280197,1394.521542,1064255.157,,,,7381.034708,1916.096704,278159.8652,93483.57480919968,4025.995246,5401030.513,1242.781364
5/26/2025,6/1/2025,22,2025,16,0,28234.45979,1,5226.725396661034,5608.7572,10467.05698,10322.80675079006,2453.906143,291188.8129,,,,,,,37839.98307230993,24728.73433,87103.06602,34960.875791688915,2383.496214,58771.91281,,,,,,,10474.080184831704,632.4617164,374611.3824,16231.360639088542,2881.079516,327257.9264,,,,3120.889631289131,25.76452485,109012.6315,7891.740130116816,1965.104524,1244835.033,,,,9589.175034544034,1331.879087,375775.1298,51895.227533173784,5818.017459,3595026.904,1285.38933
6/2/2025,6/8/2025,23,2025,16,0,30923.78099,1,8770.716951294224,3245.946097,5639.343287,10706.635421478166,2688.661584,1071652.708,8637.616566,-3.538277697,215151.0517,,,,43759.78787,24903.58118,69499.01377,48522.71376851208,3902.39236,54426.48459,,,,,,,17101.286011102766,1479.389858,396464.4341,21032.94043,2750.517575,2320037.905,,,,4057.208757386902,108.383809,92470.43157,14063.205256271609,3192.272211,2905970.003,52617.00636392123,233.2831777,979016.1745,53517.79794685833,1447.060707,1915188.324,132581.99294127137,6532.201899,4735567.925,1109.495954
6/9/2025,6/15/2025,24,2025,24,0,23298.38507,1,7239.868543908102,4523.938737,10994.70742,4808.539238870684,2968.589205,197847.8964,11039.213554748228,-0.731442827,315987.8519,,,,15368.965015456022,15298.62959,46357.07086,44850.86281245654,3336.480488,56907.66373,,,,,,,7981.149363812768,687.1168641,258217.6936,22190.007381453273,3308.095839,1424603.65,,,,6049.059289232273,416.4125223,11174.52087,6983.479476126264,2611.368797,1536603.384,70891.51331053053,453.7341964,1849800.475,14952.179209626825,1402.750756,270616.3421,45547.64187235537,6677.692088,4171204.734,1045.815236
6/16/2025,6/22/2025,25,2025,21,0,29362.15901,1,3385.2150868869344,4272.340134,9025.620806,2595.318833401953,2408.423721,165203.6219,11380.522356568516,-6.462774572,318432.1695,,,,34289.318206985336,23875.40321,45821.89135,49129.14283980982,2284.775898,70673.35367,,,,,,,10282.092770728294,941.1874525,475361.4486,46200.96674554883,4381.666982,605335.3836,,,,5958.860684284649,104.6183853,137783.4875,13043.036023549043,9345.857346,1544994.921,44979.37532041873,572.1275034,1234895.02,25110.43159226515,1716.485675,414243.2049,37240.620345149306,4081.009292,3927874.147,1360.031765
6/23/2025,6/29/2025,26,2025,24,1,25645.40654,1,9822.959677086985,4469.472676,12283.60583,28036.700511984374,2631.568508,365105.0383,45030.94910198538,-1.493338067,902927.7411,,,,28827.73107018427,21190.81795,70488.68239,42741.200677288194,4226.92832,110071.0114,,,,,,,13953.023659474646,1859.324414,559870.8801,36831.854041471735,3775.154663,709757.3062,,,,9306.123142761033,-47.80881801,389883.1331,41217.79584959439,5815.418935,2355742.133,86193.50765,1012.366568,2262749.671,24156.135070105673,3972.509188,606336.2876,61102.86171724197,3872.40971,5375582.133,1176.86409
6/30/2025,7/6/2025,27,2025,21,1,25631.05906,1,1936.9064089242993,3745.680527,8224.167884,9356.389454174143,2463.339321,99507.86932,11738.725263096816,4.194524664,521071.915,,,,17747.85891025665,23644.47739,54267.81465,37178.57793878846,5310.202016,90742.25293,,,,,,,10521.615031137979,1008.398549,173319.8938,15602.834430725208,304.0591251,-205193.1304,,,,8891.258421176877,828.9321594,417291.3238,42954.68999521809,4897.970379,2687923.586,12413.066638616241,126.7927671,371676.8869,23788.738745108298,2833.289704,611377.6497,69290.21605,4906.50688,5017345.52,1209.210935
7/7/2025,7/13/2025,28,2025,19,0,25058.03987,1,7996.575010597007,4010.939865,11773.1691,7660.362880743016,2333.767265,296870.4842,25951.220285926902,-3.216804931,278422.2711,,,,22054.871561630614,27393.56498,52062.80639,28509.502178632385,3872.047148,96850.3248,,,,,,,36045.61241939378,2260.952598,581113.1935,65267.33190344694,7502.278255,1247034.091,,,,15578.744279289265,932.9602327,820373.6332,44547.18231327483,10154.45377,5620728.013,,,,28266.808391780694,2463.226842,816038.5204,63928.44025797303,4371.392209,6276114.755,1503.08307
7/14/2025,7/20/2025,29,2025,26,1,38858.12221,1,2790.5859907797994,5022.920509,12208.6403,3367.414307443904,1486.35307,163876.8143,19495.514363521426,8.215062446,470693.797,,,,15710.85914323296,25144.79654,80552.23528,45294.016014223605,4363.691768,80812.76781,,,,,,,29008.948823755803,1954.877748,532232.0694,35559.82829285145,8383.261173,1471980.541,,,,28807.550184094514,1560.874533,708160.1373,83483.84341922893,11197.18306,5627004.643,,,,18633.215542539925,1187.564643,311406.8603,64191.49557702896,2604.506407,3140237.886,1254.829539
7/21/2025,7/27/2025,30,2025,26,1,25426.69299,1,6681.579800428568,5803.298806,13480.73606,9713.487198087865,2122.52673,173916.0342,9662.010426338407,-6.185495117,527645.21,,,,19445.32674779825,21009.68899,63998.80295,38455.760000148875,3844.144088,58177.18401,,,,,,,60595.68027427378,3669.869659,1403335.802,55623.63368678474,9512.965654,1687990.925,,,,14991.51801704815,1660.315435,705819.6906,64569.52781506819,8739.390446,6822693.104,,,,12961.83369831137,940.6989659,355696.6612,14049.514095139377,3177.369288,1873008.282,1093.936912
7/28/2025,8/3/2025,31,2025,23,0,36340.32997,1,7670.368905875137,3911.11097,14550.58395,9622.473723738334,1952.787723,116042.4868,24055.109902786884,-1.120620338,309216.4565,,,,23417.00594202673,18982.10972,71176.60172,33737.42401614298,5277.559629,103600.9883,,,,,,,38857.012459809186,1373.284695,937381.086,26449.190871304065,6802.811438,1450439.886,2274.260959356938,1810.526651,156120.2642,6487.845640694282,1360.927872,815334.2202,24633.122231825942,9901.627295,7086070.743,,,,11941.05395,5381.809513,1261131.913,31354.070923213232,2181.851983,3337908.122,1140.684176
8/4/2025,8/10/2025,32,2025,19,0,29500.34211,1,9844.863426293465,6099.298813,10372.78653,14153.736069823348,2698.365813,149749.4213,,,,,,,48223.324748606756,21986.06219,63473.62642,44355.30946765974,4032.249594,101816.1617,1266.4812568976809,700.8451589,5788.182137,,,,34058.728446243505,1933.797668,536485.8429,77630.95085962075,9311.348838,1982098.729,6142.659495573013,2654.314485,335185.6808,24089.93015539086,2526.269735,1128702.518,48777.90074698731,8010.598096,7474907.596,,,,22172.96119547898,6896.105174,2402799.035,22092.244110945325,4503.007714,6884581.526,1507.857937
8/11/2025,8/17/2025,33,2025,24,0,27330.00124,1,10008.108657914894,6097.566696,16854.40882,5225.287723038697,891.5454236,59766.41718,,,,,,,38573.93570405182,25781.0862,61714.14948,31879.52969545375,5735.7497,137423.0445,7766.757333093678,1301.626122,15755.69077,,,,40843.656462212726,10028.78355,2254343.082,80097.98049340222,17084.83525,2226679.723,2005.4303334987264,1947.389456,205117.6631,29890.966978597582,2905.262447,1320966,64693.56360285542,16613.44641,7172459.956,,,,35764.56056125721,9851.720186,2440940.075,62297.87522755777,3993.923101,4600996.072,1438.234018
8/18/2025,8/24/2025,34,2025,21,1,40817.61644,1,6189.534519095052,7063.594936,18966.99549,2021.7117192002775,667.5590446,76370.96561,,,,,,,34826.12266,25137.45073,85274.85024,61691.28462150344,6145.617449,138392.1549,3491.1097108783115,1459.22862,35128.13222,,,,59936.89150187499,13688.25268,2096470.983,202401.5378358699,16643.77682,4090033.147,1347.1603487858183,694.224442,52459.24778,18390.25138394657,466.1790596,749668.8318,83753.11557853913,5424.889732,3435770.475,,,,15145.92364090683,8808.111453,2461394.285,31940.766309305942,2289.988011,1980826.774,1070.146139
8/25/2025,8/31/2025,35,2025,17,0,27313.9536,1,8054.032165427393,5453.825305,20284.42035,3720.755584263674,554.3287866,30207.3316,,,,,,,23607.494582059226,28152.92158,60500.50587,48354.78337742033,5013.276697,100064.986,6113.391227726819,2730.310186,31628.54148,,,,52075.985825450014,21547.42208,3151520.51,108812.75340364306,12125.34356,3971358.356,3102.0410075268783,1355.366603,221129.7897,6164.133712408224,1479.321655,598409.3171,42759.142271455145,27048.04169,2974371.181,,,,29141.56381340175,8179.088422,2275097.442,40218.30101716715,822.464391,1377570.893,1607.260758
9/1/2025,9/7/2025,36,2025,30,1,36307.93578,1,10389.69464875865,5890.39699,20848.26652,3268.5394241369313,566.1341094,89381.60298,,,,,,,42585.66072440509,20917.22558,73343.36766,34379.76,5108.431791,129351.9738,4458.028707500517,1213.485953,16833.2029,,,,60562.24528700787,19485.6834,2237580.879,56572.38832766998,10481.16965,2799349.296,1602.4648368252692,2009.392684,285065.8614,13293.683801339235,5659.621508,1251640.206,25282.749266102022,4838.016372,1114356.725,,,,28166.097179756467,4353.539677,1204825.723,21992.56687308019,-584.6097825,975135.1653,1554.034974
9/8/2025,9/14/2025,37,2025,19,0,34032.04096,1,7323.204533602077,3630.553165,19642.36259,4355.950511820129,734.3141259,98291.83096,,,,,,,48339.15744218918,31331.00643,60372.68444,30056.19960556735,4801.596371,65344.19867,,,,,,,53792.26225527911,23688.54361,1910243.237,37778.78639406107,5827.153312,2300934.708,4794.765199101768,2246.806787,205333.6307,8549.283428271967,2776.136899,1832775.21,28717.06077173906,1209.608239,1991739.596,,,,20350.09817377748,4108.119791,866576.1065,18110.431148464966,1410.308144,1403349.5,1568.748258
9/15/2025,9/21/2025,38,2025,31,1,31364.20146,1,8553.947465710986,5996.407221,20900.55505,4299.617387428239,695.4990409,85010.58649,,,,,,,27302.93898676738,17953.95741,74142.34949,39671.20317,3130.037568,258338.3303,,,,,,,7226.720800220842,4248.733227,765788.5769,34351.02598259859,4635.08212,1217359.519,841.2397040951855,211.1726651,21986.7662,8507.231084236872,1739.877468,1167848.562,24524.977405827995,2002.961089,1493914.487,,,,14876.060515037778,4108.692262,603388.2904,45469.049392796755,2608.884021,3792377.814,900.5575773
9/22/2025,9/28/2025,39,2025,23,0,19834.82218,1,5389.465949054433,3445.008225,24380.14439,11005.673136298636,747.5677932,141172.0146,,,,,,,38716.47932,29535.21333,53375.72713,37814.26853025393,5973.126049,223181.5785,,,,,,,20065.28702363221,2414.162628,776742.4442,62514.23506777674,8089.843252,942348.7371,846.1214218890627,1550.967954,173648.0044,9427.640100355573,2750.755575,1879175.841,28477.25522226622,1064.936496,446471.5973,,,,19211.046113299377,6397.868449,1304002.15,90457.61918742768,1872.853694,5972884.711,799.7022786
9/29/2025,10/5/2025,40,2025,19,0,33168.92367,1,4766.502307866846,5796.957423,14248.79541,2092.807332292021,788.8819357,111897.2801,,,,,,,24394.055329001665,30944.06076,78324.49036,17295.104819247594,5149.338979,292620.5529,,,,,,,13295.956294599764,3047.170191,824016.1622,56885.548854419656,5085.42231,1126402.509,3470.6992299989665,1399.464172,140187.9703,30905.724925668706,3375.9937,2374796.904,15633.316230138558,2166.174704,888425.189,,,,8674.330903994147,7381.636861,2912122.817,24970.141390215802,2867.244833,5042010.455,995.0411457
